<Ui xmlns="http://www.blizzard.com/wow/ui/" xmlns:xsi="http://www.w3.org/2001/XMLSchema-instance">
	<Script file="spasconfig.lua" />

	<!-- Frame template for one config button (i.e. not firing a spell when clicked so no secure button) -->
	<Button name="SpasConfigButtonTemplate" inherits="ActionButtonTemplate" frameStrata="MEDIUM" hidden="false" virtual="true">
		<Size>
			<AbsDimension x="40" y="40" />
		</Size>
		<NormalTexture file="Interface\PaperDoll\UI-Backpack-EmptySlot" />
		<Scripts>
			<OnLoad>
				self:EnableMouse(true);
				self:EnableKeyboard(false);
				self:RegisterForClicks("LeftButtonDown", "RightButtonDown");
			</OnLoad>
		</Scripts>
	</Button>

	<Slider name="SpasOptionsSliderTemplate" inherits="OptionsSliderTemplate" enableMouse="true" hidden="false" virtual="true">
		<Size x="350" y="20" />
	</Slider>

	<!-- SpellTrigger including spell Icon, rule Dropdown and parameter TextEdit -->
	<Frame name="SpasRuleConfigTemplate" inherits="BackdropTemplate" frameStrata="MEDIUM" hidden="false" virtual="true">
		<Size x="450" y="56" />
		<Anchors>
			<Anchor point="CENTER"/>
		</Anchors>

		<Frames>
			<!-- Dummy input field to claim frame focus -->
			<EditBox name="$parentDummy" letters="1" hidden="false">
				<Size>
					<AbsDimension x="0" y="0"/>
				</Size>
				<Anchors>
					<Anchor point="TOPLEFT">
						<Offset x="-200" y="-200"/>
					</Anchor>
				</Anchors>
				<FontString inherits="GameFontNormal"/>
			</EditBox>

			<!-- Spell button -->
			<Button name="$parentSpell" inherits="SpasConfigButtonTemplate">
				<Size>
					<AbsDimension x="50" y="50"/>
				</Size>
				<Anchors>
					<Anchor point="LEFT">
						<Offset>
							<AbsDimension x="0" y="0"/>
						</Offset>
					</Anchor>
				</Anchors>
			</Button>

			<!-- Rule Dropdown box -->
			<DropdownButton name="$parentTrigger" inherits="WowStyle2DropdownTemplate">
				<Size>
					<AbsDimension x="360" y="20"/>
				</Size>
				<Anchors>
					<Anchor point="TOPLEFT">
						<Offset x="160" y="-2"/>
					</Anchor>
				</Anchors>
			</DropdownButton>
			
			<!-- Rule Parameter EditBox -->
			<EditBox name="$parentParams" letters="120">
				<Size>
					<AbsDimension x="350" y="20"/>
				</Size>
				<Anchors>
					<Anchor point="TOPLEFT">
						<Offset x="170" y="-26"/>
					</Anchor>
				</Anchors>
				<FontString inherits="GameFontNormal">
					<Color r="0.9" g="0.9" b="0.9" />
				</FontString>
			</EditBox>
		</Frames>
		<Layers>
			<Layer level="ARTWORK">
				<!-- Active when ... -->
				<FontString name="$parentRuleCaption" inherits="GameFontNormal" text="Active when:">
					<Anchors>
						<Anchor point="LEFT" relativeTo="$parentTrigger">
							<Offset>
								<AbsDimension x="-100" y="0"/>
							</Offset>
						</Anchor>
					</Anchors>
				</FontString>
				<!-- Parameters -->
				<FontString name="$parentParamsCaption" inherits="GameFontNormal" text="Parameters:">
					<Anchors>
						<Anchor point="LEFT" relativeTo="$parentTrigger">
							<Offset>
								<AbsDimension x="-100" y="-24"/>
							</Offset>
						</Anchor>
					</Anchors>
				</FontString>
				
				<!-- Rule Parameter EditBox Textures -->
				<!--<Texture name="$parentParamsTexLeft" file="Interface\ChatFrame\UI-ChatInputBorder-Left2">-->
				<Texture name="$parentParamsTexLeft" file="Interface\ChatFrame\UI-ChatInputBorderFocus-Left">
						<Size>
						<AbsDimension x="32" y="32"/>
					</Size>
					<Anchors>
						<Anchor point="LEFT" relativeTo="$parentParams" relativePoint="LEFT">							
							<Offset>
								<AbsDimension x="-14" y="0"/>
							</Offset>
						</Anchor>
					</Anchors>
					<!--<TexCoords left="0" right="0.125" top="0" bottom="1.0"/>-->
				</Texture>
				<!--<Texture name="$parentParamsTexRight" file="Interface\ChatFrame\UI-ChatInputBorder-Right2">-->
				<Texture name="$parentParamsTexRight" file="Interface\ChatFrame\UI-ChatInputBorderFocus-Right">
					<Size>
						<AbsDimension x="32" y="32"/>
					</Size>
					<Anchors>
						<Anchor point="RIGHT" relativeTo="$parentParams" relativePoint="RIGHT">
							<Offset>
								<AbsDimension x="4" y="0"/>
							</Offset>
						</Anchor>
					</Anchors>
					<!--<TexCoords left="0.875" right="1" top="0" bottom="1.0" />-->
				</Texture>
				<!--<Texture name="$parentParamsTexCenter" file="Interface\ChatFrame\UI-ChatInputBorder-Right">-->
				<Texture name="$parentParamsTexCenter" file="Interface\ChatFrame\UI-ChatInputBorderFocus-Mid">
						<Size>
						<AbsDimension x="1" y="32"/>
					</Size>
					<Anchors>
						<Anchor point="LEFT" relativeTo="$parentParamsTexLeft" relativePoint="RIGHT"/>
						<Anchor point="RIGHT" relativeTo="$parentParamsTexRight" relativePoint="LEFT"/>
					</Anchors>
					<TexCoords left="0" right="0.9375" top="0" bottom="1.0" />
				</Texture>
			</Layer>
		</Layers>
	</Frame>

	<!-- Configration frame: main entry -->
	<Frame name="SpasConfig" parent="UIParent" toplevel="true" inherits="BackdropTemplate" hidden="true" frameStrata="MEDIUM">
		<KeyValues>
			<KeyValue key="backdropInfo" value="BACKDROP_DIALOG_32_32" type="global"/>
			<KeyValue key="backdropColor" value="BLACK" type="global"/>
			<KeyValue key="backdropBorderColor" value="WHITE" type="global"/>
		</KeyValues>
		<Size x="600" y="500" />
		<Anchors>
			<Anchor point="CENTER"/>
		</Anchors>
		<Layers>
			<Layer>
				<Texture name="$parentHeaderTexture" file="Interface\DialogFrame\UI-DialogBox-Header">
					<Size>
						<AbsDimension x="700" y="64"/>
					</Size>
					<Anchors>
						<Anchor point="TOP">
							<Offset>
								<AbsDimension x="0" y="12"/>
							</Offset>
						</Anchor>
					</Anchors>
				</Texture>
				<FontString name="$parentCaption" inherits="GameFontNormal" text="Spell Assignments Configuration">
					<Anchors>
						<Anchor point="TOP" relativeTo="$parentHeaderTexture">
							<Offset>
								<AbsDimension x="0" y="-14"/>
							</Offset>
						</Anchor>
					</Anchors>
				</FontString>
			</Layer>
		</Layers>

		<Frames>
			<Frame name="SpasConfigButtonFrame" hidden="false">
				<!-- Top frame with Frame buttons -->
				<Size x="600" y="80" />
				<Anchors>
					<Anchor point="TOP" relativeTo="SpasConfig"/>
				</Anchors>
				<Frames>
					<Button name="SpasConfigButtonFrameSpellButton" inherits="UIPanelButtonTemplate" hidden="false">
						<Size>
							<AbsDimension x="40" y="40" />
						</Size>
						<Anchors>
							<Anchor point="TOP" relativeTo="SpasConfigButtonFrame">
								<Offset x="-50" y="-32" />
							</Anchor>
						</Anchors>
						<NormalTexture file="Interface\Icons\inv_misc_book_08" />
						<PushedTexture file="Interface\Icons\inv_misc_book_08" />
						<Scripts>
							<OnClick>Spas:OnSpellConfigClick();</OnClick>
						</Scripts>
					</Button>
					<Button name="SpasConfigButtonFrameUIButton" inherits="UIPanelButtonTemplate" frameStrata="MEDIUM" hidden="false">
						<Size>
							<AbsDimension x="40" y="40" />
						</Size>
						<Anchors>
							<Anchor point="TOP" relativeTo="SpasConfigButtonFrame">
								<Offset x="50" y="-32" />
							</Anchor>
						</Anchors>
						<NormalTexture file="Interface\Icons\inv_gizmo_pipe_03" />
						<PushedTexture file="Interface\Icons\inv_gizmo_pipe_03" />
						<Scripts>
							<OnClick>Spas:OnUIConfigClick();</OnClick>
						</Scripts>
					</Button>
				</Frames>
			</Frame>
			
			<!-- Raid buff rows are inserted here -->
			<Frame name="SpasConfigSpellFrame">
				<Size x="600" y="100" />
				<Anchors>
					<Anchor point="TOP" relativeTo="SpasConfigButtonFrame">
						<Offset x="0" y="-64" />
					</Anchor>
				</Anchors>
			</Frame>

			<Frame name="SpasConfigUIFrame">
				<Size x="600" y="100" />
				<Anchors>
					<Anchor point="TOP" relativeTo="SpasConfigButtonFrame">
						<Offset x="0" y="-64" />
					</Anchor>
				</Anchors>

				<!-- button size -->
				<Frames>				
					<Slider name="SpasUIConfigIconSize" minValue="16" maxValue="48" defaultValue="32" valueStep="1" inherits="SpasOptionsSliderTemplate" enableMouse="true" hidden="false">
						<Anchors>
							<Anchor point="TOPLEFT" x="190" y="-70" relativeTo="SpasConfigUIFrame"/>
						</Anchors>
						<Scripts>
							<OnLoad>
								_G[self:GetName().."Low"]:SetText("16x16");
								_G[self:GetName().."High"]:SetText("48x48");
							</OnLoad>
							<OnValueChanged>
								Spas_OnUIConfigIconSizeChanged(self);
							</OnValueChanged>
						</Scripts>
					</Slider>
					
					<!-- button padding -->
					<Slider name="SpasUIConfigIconPadding" minValue="0" maxValue="8" defaultValue="2" valueStep="1" inherits="SpasOptionsSliderTemplate" enableMouse="true" hidden="false">
						<Anchors>
							<Anchor point="TOPLEFT" x="190" y="-130" relativeTo="SpasConfigUIFrame"/>
						</Anchors>
						<Scripts>
							<OnLoad>
								_G[self:GetName().."Low"]:SetText("0 pixels");
								_G[self:GetName().."High"]:SetText("8 pixels");
							</OnLoad>
							<OnValueChanged>
								Spas_OnUIConfigIconPaddingChanged(self);
							</OnValueChanged>
						</Scripts>
					</Slider>
					
					<!-- buttons per column (this baby needs some UI love. it WORKS but looks terrible!!!) -->
					<!--
					<Slider name="SpasUIConfigIconsPerRow" minValue="1" maxValue="8" defaultValue="8" valueStep="1" inherits="SpasOptionsSliderTemplate" enableMouse="true" hidden="false">
						<Anchors>
							<Anchor point="TOP" x="0" y="-120" relativeTo="SpasConfigUIFrame"/>
						</Anchors>
						<Scripts>
							<OnLoad>
								_G[self:GetName().."Low"]:SetText("1 (horizontal bar)");
								_G[self:GetName().."High"]:SetText("8 (vertical bar)");
							</OnLoad>
							<OnValueChanged>
								Spas_OnUIConfigIconsPerRowChanged(self);
							</OnValueChanged>
						</Scripts>
					</Slider>
					-->
				</Frames>

				<Layers>
					<Layer>
						<FontString name="SpasUIConfigIconSizeText" inherits="GameFontNormal" text="Spell Icon Size">
							<Anchors>
								<Anchor point="LEFT" relativeTo="SpasUIConfigIconSize">
									<Offset>
										<AbsDimension x="-140" y="0"/>
									</Offset>
								</Anchor>
							</Anchors>
							<Color r="1.0" g="1.0" b="1.0" a="1.0"/>
						</FontString>
						<FontString name="SpasUIConfigIconSizeCaption" inherits="GameFontNormal" text="? x ?">
							<Anchors>
								<Anchor point="CENTER" relativeTo="SpasUIConfigIconSize">
									<Offset>
										<AbsDimension x="0" y="20"/>
									</Offset>
								</Anchor>
							</Anchors>
						</FontString>

						<FontString name="SpasUIConfigIconPaddingText" inherits="GameFontNormal" text="Spell Icon Padding">
							<Anchors>
								<Anchor point="LEFT" relativeTo="SpasUIConfigIconPadding">
									<Offset>
										<AbsDimension x="-140" y="0"/>
									</Offset>
								</Anchor>
							</Anchors>
							<Color r="1.0" g="1.0" b="1.0" a="1.0"/>
						</FontString>
						<FontString name="SpasUIConfigIconPaddingCaption" inherits="GameFontNormal" text="? pixels">
							<Anchors>
								<Anchor point="CENTER" relativeTo="SpasUIConfigIconPadding">
									<Offset>
										<AbsDimension x="0" y="20"/>
									</Offset>
								</Anchor>
							</Anchors>
						</FontString>
					</Layer>
				</Layers>

				<!-- Polling speed? -->
			</Frame>

			<!-- Close button -->
			<Button name="$parentCloseButton" inherits="UIPanelButtonTemplate" text="Close">
				<Size>
					<AbsDimension x="120" y="23" />
				</Size>
				<Anchors>
					<Anchor point="BOTTOM" relativeTo="SpasConfig">
						<Offset x="0" y="32" />
					</Anchor>
				</Anchors>
				<Scripts>
					<OnClick>Spas:OnConfigCloseButtonClick();</OnClick>
				</Scripts>
			</Button>
		</Frames>

		<Layers>
			<Layer level="ARTWORK">
				<FontString name="SpasSpellButtonString" inherits="GameFontNormal" text="Spell Setup">
					<Anchors>
						<Anchor point="TOP">
							<Offset>
								<AbsDimension x="-50" y="-75"/>
							</Offset>
						</Anchor>
					</Anchors>
					<Color r="1.0" g="1.0" b="1.0" a="1.0"/>
				</FontString>
			</Layer>
			<Layer level="ARTWORK">
				<FontString name="SpasUIButtonString" inherits="GameFontNormal" text="UI Config">
					<Anchors>
						<Anchor point="TOP">
							<Offset>
								<AbsDimension x="50" y="-75"/>
							</Offset>
						</Anchor>
					</Anchors>
					<Color r="1.0" g="1.0" b="1.0" a="1.0"/>
				</FontString>
			</Layer>
			<Layer level="ARTWORK">
				<FontString name="SpasVersionString" inherits="GameFontNormal" text="Spell Assignments / SPAS x - by y">
					<Anchors>
						<Anchor point="BOTTOM">
							<Offset>
								<AbsDimension x="0" y="8"/>
							</Offset>
						</Anchor>
					</Anchors>
					<Color r="0.4" g="0.3" b="0.1" a="1.0"/>
				</FontString>
			</Layer>
		</Layers>

		<Scripts>
			<OnLoad inherit="prepend">
				self:SetMovable(true)
				self:SetUserPlaced(true)
				self:RegisterForDrag("LeftButton")
				tinsert(UISpecialFrames, self:GetName());
			</OnLoad>
			<OnShow>
				PlaySound(Spas.sounds.IG_MAINMENU_OPEN);
			</OnShow>
			<OnHide>
				PlaySound(Spas.sounds.IG_MAINMENU_CLOSE);
			</OnHide>
			<OnDragStart>
				self:StartMoving()
			</OnDragStart>
			<OnDragStop>
				self:StopMovingOrSizing()
			</OnDragStop>
		</Scripts>
	</Frame>
</Ui>